﻿UserID,FirstName,LastName,Email,Password,Phone,Address,City,Country
1,Franklin,Fitzgerald,FrankFitz@hotmail.com,8.77E+11,613-342-2345,232 Barbosa Ave.,Ottawa,Canada
2,Connor,Stintson,Con.man123@gmail.com,Pineapple123,202-261-9352,1812 Wooly St.,Washington DC,United States
3,Rebecca,Smith,Reb465@gmail.com,4k5u3n6j3j52,226-173-9890,245 Hemberg Bl.,London,Canada
4,Susan,Paul,Susan.Paul@outlook.com,password,613-234-5667,533 Space Crst.,Ottawa,Canada
5,James,Jones,JJMustang@yahoo.com,Ferrari1@3$5,618-252-1212,176 Preston St.,Durango,Mexico
6,Charlie,Baker,Breadboy@gmail.com,baGu3tt3,363-242-2345,304 Dandy Ave.,New York City,United States
7,Stephanie,Quill,Quills403@yahoo.ca,34856729482,403-453-4456,237 Winston Crst.,Calgary,Canada
8,Robert,Jackson,Bigbob985@gmail.com,Qwerty12345,305-287-2448,1743 Blumbo Bl.,Miami,United States
9,Grace,Stone,Stone.G@gmail.com,MarcupialMadness855,686-776-5544,221 Arnold Ave.,Mexicali,Mexico
10,Amy,Doe,A.Doe@gmail.com,29482492Amy,516-763-5984,182 42nd St.,New York City,United States
11,Keegan,Conner,Kee.Con@gmail.com,3.46E+13,222-281-1114,705 Dictum St.,Puebla,Mexico
12,Elvis ,Dalton,Elvis4293@gmail.com,E@l#v!i^s#634,403-736-6444,820 Mauris Ave.,Calgary,Canada
13,Mason,Frost,Frostbite12@hotmail.com,th3W4ngst3r!,214-268-5634,404 Sed Ave.,Dallas,United States
14,Alexis,Peters,Pete0033@outlook.com,P3t3rP@n,613-112-5352,431 Vivamus Rd.,Ottawa,Canada
15,Lance,Gamble,L.Gamble217@gmail.com,@Zebra248,416-807-5438,191 Eagle St.,Toronto,Canada
16,Darius,Rojas,Darius.Rojas@outlook.com,D@r1us,416-375-1645,1115 Semper Rd.,Toronto,Canada
17,Vladimir,Mcdowell,Dracula345@gmail.com,382748@$29@#3,424-472-2551,345 Tortor Rd.,Los Angeles,United States
18,Jin,Cobb,Jin.Cobb101@hotmail.com,4444444444,363-382-7135,121 25th St.,New York City,United States
19,Jolie,Scott,Scott.J@hotmail.com,Sc0tt!@#,613-843-1883,513 Lectus Rd.,Ottawa,Canada
20,Jeremy ,Briggs,Jermo985@gmail.com,P1rat35038492,415-784-8482,424 Rice Rd.,San Francisco,United States
21,Zoe ,Bell,Bell811@gmail.com,w28e231939,204-734-8602,776 Ligula Ave.,Winnipeg,Canada
22,Jack,Rogers,J.Rogers@outlook.com,12345,281-870-3363,160 Turnip Rd.,Houston,United States
23,Audra,Johnson,A.John1312@gmail.com,aJ2054929423,512-694-2287,454 Arc Ave.,Austin,United States
24,Nichole,Fuller,Nicky.Fuller@hotmail.com,N1cktheSl1ck!,363-510-4371,222 37th St.,New York City,United States
25,Emerald,Allen,Emerald853@gmail.com,asdF123%^&,222-853-5544,565 Donna St.,Puebla,Mexico
26,Tyler, Rose,TylerTheFirst@gmail.com,305828492,424-898-3332,310 Malesuada Ave.,Los Angeles,United States
27,Orlando,Wolfe,Wolf0094@outlook.com,123!@#zxc,403-422-4481,841 Yeast Ave.,Calgary,Canada
28,Arthur,Foley,KingArthur27@gmail.com,2jf29fj204i2eD!@,516-317-7487,179 49th St.,New York City,United States
29,Dylan,Donaldson,D.D648@outlook.com,Sh4rkL0ver,250-938-3563,337 Utopia Ave.,Victoria,Canada
30,Mathew,Adams,Matt.A234@gmail.com,20319329212,613-756-8115,901 Sit Rd.,Ottawa,Canada
